{
    "enthusiasm": 0.44000000000000006,
    "gratitude": 0.36000000000000004,
    "connection": 0.2,
    "purpose": 0.2,
    "curiosity": 0.44000000000000006,
    "warmth": 0.2,
    "appreciation": 0.2,
    "friendliness": 0.2,
    "personalization": 0.2,
    "contentment": 0.2,
    "motivation": 0.36000000000000004,
    "adaptability": 0.36000000000000004,
    "confidence": 0.6,
    "optimism": 0.36000000000000004,
    "creativity": 0.2,
    "helpfulness": 0.2,
    "engagement": 0.2,
    "supportiveness": 0.2,
    "technical precision": 0.2,
    "resourcefulness": 0.2,
    "content": 0.2,
    "helpful": 0.2,
    "adaptable": 0.2,
    "concise": 0.2,
    "encouraging": 0.2
}